,ID,price
0,5634,9043.123255095723
1,16689,12963.422745109478
2,13457,11081.627918121398
3,4555,15573.444118002872
4,9726,9771.734478598722
5,10019,12765.408470230364
6,5859,11296.725817778826
7,11203,10098.615814742265
8,1586,9676.108753704573
9,7573,8006.791221438598
10,6809,12015.439494968701
11,9186,14249.877718886784
12,5168,12231.737962384828
13,11435,25444.97130140783
14,11567,11866.274739546197
15,14625,8062.76099095573
16,52,28431.882897992757
17,17386,4616.0045671442695
18,9245,3716.425600480359
19,4127,11070.287515665417
20,16926,10658.521835708352
21,6802,11495.59839557708
22,6270,21261.991311148035
23,13339,8217.198867930261
24,2151,10700.830071877861
25,6579,13342.230846938266
26,7502,21217.709374781953
27,8485,18937.035705169175
28,14920,14737.351730615084
29,3897,20831.27157962889
30,15233,41630.22847256217
31,15762,12718.606521615138
32,14473,9569.542980116876
33,4102,18908.735462781995
34,1787,31517.776296608412
35,12386,13939.698631445835
36,12920,6399.652332029145
37,813,10983.37560029909
38,12985,22307.712151804815
39,17108,14437.59547007673
40,6583,18248.354337963174
41,5979,13213.49938332433
42,11897,15887.036298753368
43,6719,19334.66404705408
44,9193,7473.284203530535
45,14603,14554.01253366273
46,6760,1167.0284461385152
47,5881,9923.405918562863
48,15392,7847.847321321943
49,5489,9440.500473551407
50,3020,7334.418009413857
51,15496,8873.802335391827
52,16724,13802.916644955974
53,6987,6120.123663182487
54,15270,8751.510263911232
55,347,14187.40924215506
56,1170,10165.990574239984
57,5494,4651.2187063716065
58,14398,33637.75363902058
59,7399,25953.23023606024
60,13443,17562.84944007783
61,3608,13540.362925177991
62,6115,11855.636095036489
63,13532,10840.18861195163
64,4657,13537.98491453831
65,7882,21309.663531274236
66,661,11488.63732281537
67,12888,6034.556706714588
68,11816,18611.273828189973
69,6885,25377.606800114118
70,7310,9462.081590302305
71,14685,16588.26236357582
72,1837,8721.912519907006
73,34,14773.427889704853
74,875,9152.708621650587
75,13336,19309.422809293363
76,10674,1773.4409475477732
77,9117,6450.430258619058
78,5370,2440.689016978868
79,195,7550.212136729524
80,8257,14421.34477704662
81,10629,11309.624275021613
82,13293,13379.65296217285
83,13782,11799.104479537154
84,8790,17853.346698245892
85,1380,9478.056853581325
86,3320,6407.5400801805345
87,12701,21939.385696968224
88,13956,5723.098535650333
89,2963,7823.81564438216
90,1160,10059.519371954439
91,1532,14384.964080704907
92,16230,18090.633791077365
93,17130,11631.176217979308
94,2340,19094.05278080183
95,9848,22608.79392385854
96,3657,18584.261061360536
97,17787,19502.56571616493
98,939,5719.769613616639
99,5671,23562.20303545278
100,8976,16418.032766683784
101,3668,17946.979992323904
102,12400,21728.36707941629
103,1534,23656.15082883955
104,3072,10722.074258541476
105,8817,-7.6942586971854325
106,8426,8547.506210292182
107,2293,13623.299385346696
108,15144,19999.26584662729
109,8900,3974.3549513816547
110,36,11490.566326152284
111,4814,8868.85706553473
112,9883,6947.737687197464
113,14056,9728.49602484834
114,16841,18594.61247281798
115,4640,9753.593244811813
116,12883,17399.916566638844
117,489,13143.798096570988
118,11320,17456.02084642317
119,2104,11177.755450797391
120,8023,40882.17349675015
121,14345,2545.7687286836654
122,17867,21893.413714155453
123,7162,3916.2527552863585
124,15831,19901.599558092705
125,13541,12987.769420971661
126,2233,17488.673710649207
127,11006,7023.84124169931
128,7004,24493.546416576093
129,1291,16834.30731702863
130,13053,7475.065303185987
131,4143,5676.564101154439
132,11619,10657.853099627473
133,6140,26507.27098276106
134,9108,13635.069848842126
135,11671,7168.429070544415
136,7935,6799.937382255448
137,13015,4987.69545088373
138,13960,11999.506146200667
139,12240,5656.21010364924
140,15423,12850.466864420347
141,7259,30652.759953164357
142,5506,27310.83263703792
143,13249,5125.079277814621
144,15520,13948.297862422703
145,6534,6229.496062355902
146,8384,9707.118538230696
147,4493,27896.07149818686
148,2022,7845.554110642935
149,3051,8519.768875047524
150,4526,11387.773892079904
151,11177,15361.539372735211
152,11319,12581.621135429803
153,17087,11567.541169744758
154,17448,20294.15954325519
155,6139,14621.292946971953
156,5351,13977.946321217214
157,5212,20283.000029883064
158,15958,12106.314350916353
159,17588,5824.305660410104
160,13955,13357.547298785956
161,844,16077.2650993611
162,16153,7062.663256810435
163,8423,9212.151341184779
164,4344,26500.281165513232
165,7805,13760.144983887045
166,10706,8510.497456171435
167,10952,15173.897163941134
168,15403,7167.1947137965035
169,15412,20893.41516679053
170,14185,23154.578269375997
171,628,1858.9299544372054
172,2082,10706.93212020431
173,2001,5543.694012335461
174,9627,16775.586802192985
175,6714,12796.891391484585
176,17257,6279.30323288059
177,2297,9755.361969764146
178,10740,28025.319104547663
179,7295,4936.273570724827
180,2391,2063.136871167487
181,16725,10057.17225323832
182,16209,21254.997202248996
183,15891,24477.741674219564
184,8713,8203.466692951406
185,16453,15774.783132562296
186,3948,20428.37475426909
187,2927,8566.160224704088
188,12085,10742.846720697018
189,16197,33205.96191788464
190,15359,20441.465843127648
191,16215,15819.308580412211
192,16681,15964.235587034716
193,11494,23167.01221475139
194,11212,21110.88935966119
195,4338,18326.598314179253
196,1800,36248.81230048107
197,9934,12907.528498415182
198,5304,10543.61882140973
199,5245,20289.965603845514
200,165,27704.995439696497
201,8809,8671.281752612847
202,3070,15321.963664461846
203,10696,20687.98773041423
204,15841,13384.237175840202
205,17300,6127.484296514798
206,16491,15258.910837102956
207,769,27122.334077121894
208,7435,6600.849571409932
209,17975,8308.87081169206
210,1088,11738.25493255854
211,278,17448.73567782546
212,12276,12624.436557140087
213,4238,13687.05451738064
214,8,2792.7669863684823
215,7336,1775.712263501279
216,11984,2166.9862793216785
217,10965,19825.193290534822
218,9432,20878.110979888414
219,12312,16490.005737784726
220,14656,20896.124469228613
221,1068,1684.9742297751789
222,9269,18629.233838174834
223,14781,3914.7026257745447
224,5582,8756.772854821784
225,12555,9632.198899988054
226,16848,18284.32940287976
227,16389,1303.8694645389407
228,1486,11271.373634198624
229,7236,3265.9118955339145
230,9560,19049.29393818303
231,10304,4992.938512545923
232,9430,9023.16540696709
233,4728,15449.886450336024
234,14872,14491.865161039876
235,15946,5844.857137048711
236,8581,25203.403661360942
237,15222,9124.785464433648
238,1557,18675.670605921623
239,1256,1611.5378464924852
240,4520,20442.95183563108
241,7240,7478.124777578462
242,16283,6428.438745172966
243,15926,8789.435347766836
244,4400,9900.526872566255
245,4251,6850.339877346207
246,11278,16354.949631118972
247,3261,16486.576778429087
248,13986,25263.703387074136
249,9347,29780.244878469988
250,4842,2909.1449383532836
251,14484,1922.829694454574
252,8408,28906.47079968601
253,16131,24866.82605629864
254,7396,4066.387858751025
255,4550,14741.952096827568
256,7116,25174.51678453148
257,10488,15117.370874284663
258,16286,6794.978332748353
259,9605,10958.379452889374
260,11034,18713.082216708528
261,17643,16128.614546752935
262,14136,31103.615590770954
263,11903,12683.639099670874
264,8489,23524.835904815707
265,15350,6005.082215831657
266,13870,11380.05019402303
267,11218,4231.359746208554
268,15886,6428.445449822217
269,15650,29308.474752628623
270,7172,16401.119838059083
271,16644,11921.565242736828
272,12776,13284.287018821764
273,1960,24384.349117668236
274,6193,11848.598250322784
275,2154,9173.253023769248
276,6597,6218.395249493615
277,14036,30027.07211526361
278,5669,26101.568975707836
279,17557,21687.25315400622
280,13466,11458.398936358148
281,11120,12339.973918996593
282,1042,12602.41269123311
283,3612,13858.728683794672
284,13235,14715.736750893398
285,7733,6604.778519972017
286,6166,2757.866136976491
287,14113,18042.703570690166
288,32,15519.237460347333
289,13031,13025.807448423431
290,397,2212.052836787295
291,7668,13050.550860900248
292,2486,7515.627418065309
293,2358,10363.253377867608
294,9841,14942.698179178733
295,11095,15623.895505981978
296,4175,12623.082185157244
297,8051,15414.369454239088
298,6399,8235.001120617519
299,15941,10954.08552251378
300,6923,5546.835986416958
301,16261,36073.587904629756
302,15276,22733.81594622913
303,17497,24078.144779908638
304,10518,27914.896152313064
305,9002,7294.340364213181
306,3744,11162.770535923219
307,17248,9453.295966706773
308,4756,10840.631714955049
309,1684,41372.95694851115
310,3203,5971.913620743237
311,3387,22184.916110388294
312,5444,11256.237087043386
313,10604,16218.632627513543
314,11533,5328.800841072858
315,15268,1225.8441674450564
316,16258,18416.91388423417
317,7758,12419.348179391945
318,2381,9726.416621610622
319,16999,40954.57235932048
320,6072,3298.73070002344
321,15207,6067.5681267992995
322,14990,13221.676792608176
323,13040,18060.34290632935
324,5473,10577.829968421416
325,248,7080.41942327599
326,16242,14103.809898392521
327,5799,14931.250107815908
328,11297,10266.18591590576
329,12952,6474.6926461417825
330,3159,32061.66722554827
331,4892,5252.976558785898
332,15586,19240.826143339662
333,13250,13308.765752590225
334,14900,5395.972015637593
335,3524,32144.26286359346
336,8089,19116.14652100634
337,3448,23319.11657659604
338,6352,38418.06842553576
339,10407,5404.16171615382
340,8358,11798.111823702993
341,6372,4489.883865805601
342,3246,2506.9284423069785
343,10690,7445.201351055867
344,16520,2044.0930262838929
345,12683,2952.6945769457216
346,8880,10863.905017437566
347,8322,6034.706430769862
348,10340,23603.82509612904
349,11418,13733.040550393496
350,17133,6410.900009601181
351,10241,8276.144326952199
352,10345,18182.423811781606
353,6322,8399.137022856816
354,14456,21208.003912313136
355,8194,22152.086882340445
356,3852,5227.016352502101
357,8001,11786.859852967526
358,5282,13786.402058232914
359,17189,23042.18394440473
360,5287,29152.67805508942
361,17439,17823.03051221154
362,1762,7079.435005991436
363,17135,18665.55625923688
364,14657,23496.95392612383
365,11280,15905.262634758732
366,9870,12699.143885847727
367,12792,10939.105369285608
368,2289,7175.80558407733
369,6931,1588.6545471871677
370,10490,6227.32546898353
371,7128,19433.8637752492
372,3909,14402.455456092199
373,17872,3180.270377089767
374,4659,35410.9012164513
375,5492,14955.501213910435
376,3444,13292.49535457353
377,1653,4123.023800156029
378,2536,16056.984561635094
379,16291,14380.236028865238
380,9845,8103.312235312081
381,5126,4073.640116903551
382,9297,10819.262500689247
383,12329,10061.837841246923
384,500,7161.17286176778
385,6151,1156.5912240474083
386,12446,13227.946763537277
387,5850,17804.80504869524
388,207,4895.557202744616
389,1806,25398.456797804
390,899,13245.82255807588
391,4793,17374.53310392405
392,5339,11882.71072555465
393,341,14866.68345705113
394,17943,17233.766780838443
395,6927,16589.259423466952
396,12592,22384.298276014517
397,9399,8350.8374567573
398,12726,6505.243756996746
399,7283,10181.96675179812
400,8872,10350.058767640227
401,1644,12178.211122323037
402,5708,23420.90043662501
403,15771,5474.393003153554
404,614,12216.175488914994
405,2839,14525.194797719094
406,1900,13195.697665947973
407,12334,30842.78849051152
408,3473,1745.7270357573916
409,1819,7917.10292736781
410,16891,9102.576890951732
411,11876,5704.785008423182
412,8376,6571.85141781001
413,13078,7169.546502868132
414,2121,11768.730435348814
415,10716,14934.08648685143
416,12804,4097.2558452063695
417,13369,10492.503527825384
418,13883,13058.829299365652
419,12269,14182.000036456628
420,2012,9552.162979858414
421,12516,16709.180573080623
422,12374,869.1499249608596
423,14925,41427.525369644885
424,16624,4782.5519294777205
425,9862,13711.346133973031
426,12100,13433.928451910137
427,5112,18123.79833824459
428,1779,14232.736290865481
429,9453,11488.178753954175
430,5916,11484.700081265353
431,16464,6599.389546578452
432,7028,2784.9920794554996
433,14173,13173.124991370549
434,11856,11376.518044553774
435,16155,19691.426867260343
436,12308,33647.225769113706
437,9884,19745.93747776399
438,14346,39677.01776334708
439,17980,10467.016100780946
440,13377,13955.979786019108
441,13724,18484.027348636613
442,5899,30389.886606367625
443,11703,15635.1119875923
444,5760,31371.280264827605
445,4849,10585.316188202585
446,15518,11822.90322906663
447,13616,13532.833357042653
448,10375,9223.116568788993
449,16206,13619.818429686055
450,14123,22606.175240652665
451,17745,6102.5579275000555
452,3579,5703.692064205577
453,16746,16916.80841053582
454,8487,14310.7011740594
455,15077,22838.151541597
456,9252,4344.64630084736
457,4349,16544.057982104965
458,15188,6710.74658038415
459,16530,14618.279985839117
460,8501,16229.075692146458
461,12956,9819.372795342688
462,9377,15762.511403028082
463,7457,8901.508272964233
464,9982,9333.768622905618
465,11668,1337.43489001932
466,7634,42402.73833752174
467,15025,27145.113889060536
468,13808,8778.277411837886
469,12954,10440.731461473184
470,6640,18883.66492183906
471,16456,16040.184867611542
472,7029,13199.985440303786
473,16907,10417.324370611204
474,11084,13568.816570355497
475,8943,5533.341651967545
476,16485,14738.13465055628
477,7681,7213.458454617158
478,7507,36774.898807499914
479,13055,2918.600753225414
480,15000,25016.57184387787
481,11617,17150.89531537734
482,11495,7286.3013002333555
483,367,24019.941139423194
484,6238,27384.632796857768
485,5103,2315.596013137629
486,13834,726.8420179995807
487,16336,24468.714411170404
488,11454,26760.175307384707
489,16008,2065.133891212128
490,9781,37992.77518641728
491,4988,21704.602698739334
492,2364,15145.075034765052
493,3761,26417.55489026323
494,3074,14612.897356311232
495,7134,2896.702496891514
496,7853,20193.811463111502
497,15896,13343.262517261017
498,5266,9712.990180218283
499,17949,7365.119243302148
500,5048,11521.045324093002
501,17183,5924.462868564827
502,9398,20842.475564072767
503,15032,13970.531909851461
504,8585,6446.009704985039
505,9203,8023.714605677664
506,15029,1193.4792457645485
507,13556,14456.807682369727
508,14258,8564.579516088066
509,1830,7415.989406688692
510,16440,9773.496398354851
511,14661,11096.86207981931
512,13188,15970.486874951961
513,2447,10411.691506942905
514,5656,2795.362664947519
515,17760,13603.977812025709
516,10755,22251.470553391795
517,11014,16630.770389812933
518,8492,7923.329412730342
519,4485,8094.092126698783
520,17990,28220.212984085854
521,8291,20821.010297287365
522,5286,27718.378908666993
523,8299,9056.414679678235
524,9268,20224.104849046125
525,15513,20980.518935333508
526,12945,31413.966535184933
527,17042,17118.724151730778
528,5070,12499.482824234858
529,5166,13869.288663175013
530,829,10666.130453906933
531,10611,16089.676645241714
532,5776,9085.505169472142
533,2317,736.7206020249221
534,3031,6593.772553407706
535,9891,11611.604822845764
536,16970,15919.733181465606
537,5199,2667.1565911450016
538,7051,7228.758871728734
539,6826,10019.358037055526
540,16807,12891.693802272674
541,6854,19542.45571256092
542,3982,22183.064475736093
543,10459,7353.261794324973
544,17483,6206.901206319462
545,9693,14240.06893772154
546,11089,4287.499811508089
547,7187,11809.795388862707
548,3171,17627.875211349165
549,2779,9323.071329043543
550,10213,7515.684884469816
551,8612,17624.49392446127
552,15472,13306.700765025867
553,2989,15942.601058651757
554,15246,12249.188319988027
555,5615,9534.057627539694
556,17153,10069.147632499282
557,7440,7470.056143317144
558,6315,19640.09512516029
559,17209,11135.18091205201
560,3176,7682.318599551632
561,16762,12172.690869181994
562,4116,14770.464473700898
563,17551,10313.499012436134
564,9141,32396.70471841797
565,1727,10563.263929095758
566,7219,15388.810625126138
567,12198,38467.74005876453
568,14219,14040.832779520124
569,168,41097.233876984756
570,259,14578.224342820582
571,12049,11237.790953545784
572,2534,41647.05358325646
573,1631,18891.17374671394
574,13025,5026.364049862952
575,17281,7539.0543564309955
576,9352,4030.5817766429336
577,1067,24275.995152143463
578,12302,15527.523551992903
579,4527,7416.250511663384
580,14406,11550.791693998248
581,853,16768.07907687329
582,9818,7796.641548927936
583,14067,17647.048123033805
584,15112,16472.692352981794
585,11308,19904.889185117485
586,9683,28872.543296808624
587,6970,22826.464490087856
588,3460,10259.311377172888
589,11560,6133.880218280414
590,14071,7467.514100174185
591,4704,9383.49360255608
592,5113,13147.209350837742
593,16829,3840.0575994482324
594,15334,9643.159361464333
595,16924,6060.721746916752
596,2917,9510.828213603956
597,4203,10638.145278015032
598,4068,10238.996165381932
599,8164,3111.298126384928
600,2985,6044.566409034222
601,12450,39914.76852242629
602,6358,8882.785811968048
603,9132,10956.148597259626
604,14885,15639.736973164203
605,15486,23491.181898292416
606,2577,32752.904524654812
607,7900,8393.745227661544
608,2609,14306.63888882127
609,17843,9802.367089136198
610,9837,6555.860448931304
611,8972,21384.88543475078
612,13736,13288.538591139215
613,13846,19809.567761027545
614,15718,16366.526944525149
615,5468,6766.9214434749265
616,15776,19257.67294260676
617,4390,8958.455273620386
618,5624,15485.25333969334
619,17663,10654.69730161
620,3736,14900.644638106845
621,14992,27295.676395397015
622,12546,19911.318934863215
623,9499,21854.91523049747
624,3544,7277.843072573724
625,11067,5330.168560482196
626,4019,18969.763126895246
627,12702,18973.833760071648
628,13582,4378.240070162004
629,13159,7460.038299355859
630,17566,17194.777392645432
631,1848,16824.509987720958
632,14826,4268.54360342534
633,4403,13680.11565648798
634,10795,30990.323666134565
635,4957,23165.043359992997
636,14205,6174.575930411267
637,13131,12272.469684674206
638,8921,5167.7767306648375
639,14093,10677.522155188804
640,2108,30411.789591688183
641,2412,31823.12220399714
642,17929,6887.097972430689
643,14504,17989.991447519074
644,10436,8360.112645011877
645,10005,12092.700199232282
646,4762,6043.442397217012
647,1641,9450.510219638223
648,12709,8107.367166426564
649,8649,13013.62415647595
650,12033,27180.378828049157
651,13156,11620.484091443752
652,7607,5199.042898436177
653,14841,19474.572768043632
654,3037,16355.542374497305
655,2707,8595.303651278307
656,7491,20149.227971836466
657,11387,41023.35319539568
658,12992,11230.322069761414
659,1535,11110.405754480824
660,6308,12288.948494372022
661,4160,17936.60290927961
662,5848,12834.613372620292
663,6023,23304.878892391913
664,5565,27603.40894794061
665,12367,19819.48150679077
666,8461,6974.655048965323
667,15736,15930.634577602545
668,13155,20198.95836155118
669,84,12228.984879376187
670,5392,24160.84606530515
671,7076,12285.702775534703
672,13945,24861.032815623665
673,12870,17724.782009791736
674,1383,16751.459612192448
675,4209,27639.098698474023
676,10505,8153.583547254617
677,9179,18317.744549014104
678,4264,9690.919410600849
679,17318,5813.328082160896
680,2281,12076.49004549231
681,14574,3931.839200047749
682,12278,10727.130410268155
683,9012,10840.08403977933
684,16527,3118.3218170243317
685,8147,10422.744703336046
686,17065,5657.507499767052
687,1989,7840.324576081649
688,13469,22861.47427423155
689,17019,15553.932260232748
690,17262,13739.554690976045
691,12416,8240.854594363042
692,1125,38598.697103785555
693,15290,12443.125295843894
694,7824,14856.181240072105
695,11322,11530.565952754281
696,2407,19116.515953085378
697,12494,3043.1882206424807
698,12420,18299.959106011425
699,11811,16051.55458166512
700,4545,7465.43058327369
701,1722,6567.07259279157
702,7197,17343.764263089797
703,4949,7413.001664548478
704,16733,17418.496272881457
705,17818,15203.84877378119
706,8400,25604.416768145136
707,10116,8436.285279436644
708,293,28617.379056423662
709,11794,11804.453287741604
710,6778,35016.664993041406
711,16045,6679.508998984057
712,16095,5911.919390879849
713,5751,5233.236427109758
714,6921,2912.297076511046
715,14226,7562.8042004411545
716,8338,18058.686203786092
717,17906,917.3309388658345
718,17849,14270.275190637049
719,3995,15598.882748055265
720,3955,16514.496755245884
721,7085,11631.73186020877
722,2850,15234.446466501364
723,15783,6639.422702352289
724,10715,25442.08963511489
725,4126,42376.26104300303
726,10419,29115.66868155318
727,11520,10555.835926473972
728,3445,25310.557919012623
729,14444,5672.8185195894675
730,13395,24469.762865844867
731,14385,10238.566985209987
732,7120,12591.8637865094
733,8522,16218.585502250826
734,8352,6393.739373476776
735,7577,12512.212713765684
736,5944,14874.666818255975
737,6080,18091.06436585785
738,15146,16346.906120651523
739,17283,15091.021353370606
740,10376,14749.47209258489
741,2602,14304.78992742346
742,17500,15411.798322575502
743,9591,24404.53205506107
744,5144,22024.588831043962
745,10290,10905.146402355293
746,16673,10268.267078574903
747,9197,19597.288089682137
748,7060,16292.071826779369
749,1750,16731.41997476737
750,17175,10378.365686852578
751,15214,14925.110343536222
752,3828,7133.894945354633
753,16940,19258.588805507767
754,8224,28976.51114374961
755,11429,1881.6956322835047
756,5740,12996.94536893522
757,11221,6636.636148595133
758,12183,16176.321460941079
759,14524,14518.063134672264
760,4101,8022.7297147358395
761,7358,9811.501135782719
762,6165,13421.926164765584
763,2986,17178.381149227105
764,11576,11143.553033764556
765,2523,12644.580872001157
766,7804,17019.933619532603
767,13974,6076.166466139794
768,17574,10807.143476645564
769,3119,8472.581473778211
770,8037,13907.467435393137
771,2422,21621.66617698929
772,7934,18321.925503323007
773,6635,40246.01813120265
774,1979,18445.950051135136
775,9070,12917.005529791664
776,396,11633.319196009194
777,8114,23014.830900871653
778,1606,4836.210965885601
779,12924,16786.89002485197
780,6893,3464.8638443940067
781,2665,23407.437967075843
782,4159,11228.33739582173
783,7928,25424.970583550246
784,16200,2096.5635919794436
785,11825,4720.533690131366
786,13570,6098.294917059055
787,10172,10532.840859848598
788,16766,4363.106596789481
789,3077,2730.0188827998054
790,9517,11820.31163510963
791,618,13728.967937305744
792,4500,16636.915741014156
793,2254,8041.653729650312
794,9448,7812.15091618103
795,5846,5156.614363696576
796,14116,18919.440474612573
797,10596,21613.52173800436
798,10064,36363.63450059038
799,15257,6642.861163715517
800,14888,4827.465019532586
801,9867,6882.735081069816
802,11720,18524.378460275642
803,7150,6440.564972913491
804,7669,12856.521564550842
805,17999,10256.483420346382
806,5688,16084.793856986436
807,15990,18961.06172501758
808,15846,42893.644998373944
809,2201,24567.62388164403
810,14602,7710.233152680673
811,1890,15019.332952948562
812,1648,12284.588782669698
813,8587,12343.202239859227
814,7497,10907.81450982595
815,17597,8235.496645745186
816,14845,16202.929508668802
817,9139,22527.859935842644
818,826,12466.963204005178
819,8440,16062.630600902032
820,3631,4170.7103613234185
821,13999,23828.776173535683
822,9667,9907.147582735906
823,15434,1753.6351182035523
824,6442,6537.845244457658
825,16194,13633.54322588802
826,4431,11777.41034511359
827,2181,8453.241523217324
828,3682,31935.46931255905
829,11358,20521.82147554595
830,5190,26121.430715957948
831,14890,7428.108632997506
832,550,9748.423509348824
833,8494,4573.115264300752
834,16125,6943.054660008576
835,12841,9757.166445122493
836,5549,26706.770219125327
837,10927,8538.841127818057
838,7881,35202.10413371588
839,11677,13782.490496443808
840,10148,7690.7198255404965
841,9559,8557.617741625463
842,11385,3507.617446511475
843,14778,10224.182688942441
844,15286,8059.725934829746
845,12377,12085.772768453638
846,13421,12007.505387136824
847,17504,11301.92100801763
848,4278,4998.245520788811
849,12123,378.1341577368665
850,15436,16376.803675965139
851,1074,11695.606777998253
852,10816,14310.097661867985
853,14278,8607.464332941849
854,17461,26534.960463225558
855,17289,21982.291566599364
856,1625,17489.831460638605
857,16641,12895.62086980121
858,8413,10580.34844189201
859,10907,14110.076876880574
860,15739,20387.077089866245
861,5522,6992.167892560545
862,2746,8418.511046917123
863,5727,11340.469995914455
864,5180,4414.053128219533
865,7489,7350.540985625352
866,16,8799.410617922751
867,4070,43366.098292368144
868,3152,27293.029625114475
869,17304,15091.508693081661
870,16340,5960.391849283743
871,5767,11695.774982896208
872,12794,12377.36752711687
873,5014,17402.552539101678
874,2291,15563.66685223006
875,11743,30655.528218313455
876,11513,6177.413194526472
877,2521,10142.664198915396
878,8638,12941.30713751943
879,6961,6173.51601935495
880,5440,9690.919410600849
881,10088,13267.328697238903
882,13244,14392.84032449213
883,8508,4387.396743665449
884,6504,25950.1419315553
885,9552,23844.580015519256
886,3286,34851.33002689647
887,6722,31704.379936355457
888,5324,13044.758520306283
889,2943,16399.81376188597
890,10153,14660.434937699818
891,14433,11774.123155184701
892,16609,8046.038188438855
893,15117,20100.652831099324
894,8575,10254.607701895895
895,10291,18517.449069110728
896,12972,18524.898773065346
897,2949,10157.758502581763
898,7741,19311.746408568768
899,3581,3475.7254365646068
900,16390,13808.433213368367
901,11374,9912.744301973844
902,15026,8041.187946457616
903,1827,17525.01037908758
904,4488,28866.292830540187
905,3808,14195.906831966457
906,3578,39271.32260817619
907,10312,13967.320365957867
908,11738,21917.160603931465
909,13862,36994.10320166239
910,8008,13974.348090655914
911,2747,13762.203712039682
912,15655,8987.933385905426
913,13963,9138.716078883355
914,9493,23338.812055050133
915,2596,11868.85736014182
916,17587,26573.700260172547
917,2309,5159.91457212946
918,8053,16635.345001183538
919,4003,15086.362518362766
920,11590,11593.28508649528
921,14683,19792.03415450913
922,1910,8803.52135412072
923,4016,14595.66976411019
924,7086,21320.507732690596
925,6147,8724.962237281288
926,16987,18682.36891567827
927,16223,17887.059509849023
928,3370,37636.63212790841
929,14143,17444.770248526962
930,12964,20072.725244064393
931,10834,27682.336748895315
932,1539,3667.134856222453
933,13880,7419.4473519146795
934,11573,21649.96769051753
935,10517,43744.43544055813
936,10731,13114.080721456217
937,5826,13192.159967576905
938,2223,25084.144962691687
939,58,10406.780336651786
940,12222,15238.81958226135
941,953,12074.474029845705
942,7869,8345.924067193751
943,7619,38023.5973922114
944,6613,11693.867356913359
945,4675,7369.9965978361415
946,13060,12889.34704628812
947,5990,6364.146469215539
948,10574,7931.260605818602
949,11456,16413.0313706638
950,16692,5037.291039879718
951,14238,10843.543820564046
952,6678,20702.705822170385
953,4098,1556.373085296506
954,381,13489.507191363382
955,14923,7852.149660747429
956,453,13078.404758724098
957,1594,2205.8649038903022
958,3153,6330.579947759547
959,9440,14489.93057087346
960,3825,17160.866529469626
961,3319,13622.980376034606
962,11641,10165.980163193228
963,12728,23379.924013843716
964,521,24350.5253822144
965,838,15355.425158822765
966,13505,19776.406797611555
967,5363,11368.28502055146
968,12496,10128.030870872271
969,2595,2016.866164085809
970,4233,10554.262673187686
971,15517,10393.261970240716
972,2194,17371.352854388366
973,3193,15972.239768205558
974,10061,9204.363799542436
975,9506,10691.637624201467
976,9637,12696.085466944429
977,16798,14517.86259057295
978,15339,16994.34751696216
979,6392,10534.959242996318
980,13209,21725.490924238395
981,6693,3665.683137485184
982,8541,6886.9284517531005
983,5507,6904.889991587568
984,13557,7931.258319042783
985,5564,9463.736315704873
986,8906,16052.563720005515
987,3182,8937.288879109763
988,3857,18215.220685799308
989,3644,5824.660745846719
990,6192,8966.105740317646
991,16035,10042.128544163344
992,7260,8425.575687397986
993,12503,8648.68604846758
994,7347,20225.219896081857
995,16268,19355.742359326556
996,16594,8222.037148246427
997,12341,24048.703354936857
998,7625,6514.500311701562
999,559,13259.191939549077
1000,17454,11961.076505567557
1001,1364,13545.959511821517
1002,10242,8919.47546081056
1003,2044,21512.133182229838
1004,12847,13585.84558083967
1005,90,19057.24498435555
1006,4047,7923.112451994796
1007,10670,15545.16112780734
1008,11770,15619.207465059717
1009,8988,39065.944020732866
1010,14341,1196.5132817157637
1011,15181,12262.886194175362
1012,1232,12823.126894702733
1013,3495,11025.939628442065
1014,15478,16006.827078156348
1015,8739,17501.80522355232
1016,7338,22508.9194487454
1017,1333,7832.357632988342
1018,15587,31.76393785696743
1019,9485,3205.7397541575083
1020,10199,5587.973176466208
1021,6601,33732.975077643874
1022,9676,17424.354994482776
1023,17234,6661.600278158588
1024,4776,21831.624619810907
1025,10623,20736.25450098951
1026,1347,8751.012045416555
1027,5026,2716.2214994188525
1028,7852,12499.90696682491
1029,10955,8643.72096640485
1030,14389,13223.42330380279
1031,6811,6073.74261382026
1032,13649,15054.482415926126
1033,17459,20266.246356200245
1034,6403,18451.87623816562
1035,12432,5586.016117489863
1036,7946,15413.836269063026
1037,531,14796.23529187419
1038,6331,14515.437485083885
1039,10070,3750.289169373371
1040,5910,20978.39066354055
1041,8572,16586.317516577714
1042,10456,9995.163620718811
1043,2205,4257.059342764619
1044,10709,6918.515549661213
1045,15559,32397.777712382245
1046,8491,11017.52707896305
1047,10810,20370.120083473194
1048,15683,17120.612757626186
1049,4548,7412.288412881358
1050,11584,7674.741592691878
1051,9763,11307.706891774365
1052,5079,25067.436388134585
1053,17080,20303.67035541754
1054,6512,3496.082863136882
1055,4624,9843.845541224626
1056,8735,7940.8833142460735
1057,12540,6519.536208862031
1058,8383,22706.02294941544
1059,110,4940.854921268377
1060,5345,13063.400385929437
1061,3832,7132.357366000155
1062,5272,16886.54003783794
1063,6946,3582.52247573811
1064,12965,10587.82394139932
1065,16541,7921.268217161313
1066,1196,20235.30566490983
1067,15127,22149.698596728413
1068,7569,11647.185098021777
1069,14842,24491.73758979322
1070,4618,15332.714698771248
1071,14684,8642.728139972643
1072,12597,14378.327730321907
1073,10470,22301.12092468165
1074,12224,14345.944497605486
1075,6793,3815.6569631632096
1076,7155,26741.03754407727
1077,12188,19529.197504019874
1078,3924,7491.04883416744
1079,17724,6090.483944239293
1080,16971,30277.1268453133
1081,16438,7488.113240801671
1082,5608,13421.79880992534
1083,15192,21012.638177411216
1084,5713,3043.1882206424807
1085,14106,7227.194696250456
1086,10244,11083.285345632665
1087,9804,6841.173977409965
1088,6920,12622.035957629552
1089,9875,1209.5621504881542
1090,5095,11753.247532796036
1091,2360,11721.778997521857
1092,5071,10396.371452703805
1093,4217,16599.154651411467
1094,9417,471.77054479298886
1095,10355,18664.295754621555
1096,3238,13274.918599844048
1097,8841,14040.685928627032
1098,17672,5804.775974339604
1099,16993,11147.234184483223
1100,16287,12129.431868240308
1101,15686,18574.468967269815
1102,2132,16413.529822925666
1103,16454,19013.99205376963
1104,6727,18954.14069307698
1105,16618,11275.063400585546
1106,15438,10016.019615330724
1107,3374,3165.5139630018843
1108,6255,9609.493779823313
1109,2076,19723.402662417575
1110,16056,36343.838081943286
1111,2531,10877.886960407608
1112,12095,14462.2389138859
1113,15461,30840.427182567248
1114,4791,281.1239187209078
1115,13075,3855.938574198254
1116,2266,13146.95174543676
1117,8191,13953.649932944745
1118,14451,16107.492031734942
1119,2077,11357.350090303473
1120,9593,35128.139011356594
1121,16789,8307.098802459603
1122,91,14388.644880967891
1123,7471,1665.0613690842224
1124,7344,9738.742901515565
1125,3356,19683.350858374622
1126,12855,3929.01231778126
1127,13547,18587.608655819575
1128,1514,18142.197936358752
1129,13654,16276.52240823942
1130,7023,4766.294226805726
1131,16392,41530.02590129298
1132,9045,3110.19912440384
1133,13530,13337.000717970825
1134,17966,6262.146622506872
1135,9113,13012.46645299541
1136,16422,4859.019935196385
1137,8078,15657.096567876973
1138,7063,32022.37069975482
1139,14420,2686.250751748333
1140,17399,5570.625301045147
1141,12805,10672.994100961529
1142,13794,14466.285812057571
1143,8269,15468.573376071108
1144,189,16172.399793975212
1145,9871,32349.425470149974
1146,5496,12317.653484834167
1147,5160,10697.141949532359
1148,9218,21385.305796635446
1149,16136,18026.464178816233
1150,17064,16491.575858322933
1151,9661,28352.104307185822
1152,4393,19243.002655268094
1153,16705,7047.287986033793
1154,5611,5922.244374564144
1155,4826,8546.394367894205
1156,11678,10696.300007442596
1157,12757,18858.91003071954
1158,9950,25852.63684945
1159,7492,38662.46532700287
1160,1236,16383.940379855003
1161,3009,37461.2820885675
1162,6045,14922.789349281973
1163,13487,14007.130175218676
1164,9996,24533.291232759017
1165,9790,8194.493211515124
1166,8074,25662.504885830458
1167,6079,27167.961781692684
1168,6019,10872.757941699021
1169,13062,9403.051913381141
1170,5968,5256.455341847612
1171,12566,7842.036290690004
1172,5883,16836.317327185825
1173,13130,7455.561753882001
1174,14707,2034.5327772781557
1175,3785,9076.074447330979
1176,9522,22486.089601581705
1177,5554,23042.450878046482
1178,8307,10195.177699545977
1179,7478,8775.968873128964
1180,2477,16221.668307116155
1181,1917,26857.300568136685
1182,2413,16521.166201475782
1183,13749,11570.879654298324
1184,4299,14027.551014807408
1185,11057,22858.29378683058
1186,16763,9692.62762354584
1187,1089,13975.171832200487
1188,13010,16986.363484994785
1189,7603,22908.44202618515
1190,3054,22165.13762813218
1191,4321,31121.425780264777
1192,12333,24646.540179196454
1193,3776,13859.543738411177
1194,4775,10402.20922763452
1195,14611,13753.15973484811
1196,12542,7006.6770702906615
1197,8470,5148.055874650971
1198,8786,18206.811652208475
1199,12431,10344.910922517329
1200,7461,25477.898472838584
1201,13133,4819.637559852432
1202,15967,9957.319497578394
1203,15989,19110.645210992414
1204,1202,5745.2687132921255
1205,6574,30078.83023302228
1206,7942,7445.201351055867
1207,15693,22345.27291639014
1208,12288,14603.021664593449
1209,9729,930.7759542256815
1210,16898,7856.604943088693
1211,5629,24571.766976079525
1212,4621,10814.423954057127
1213,4899,18195.48990516027
1214,13871,8843.207955171609
1215,8140,12233.572630878325
1216,6578,8403.75016607511
1217,13499,7811.890788316507
1218,2710,13123.06914858405
1219,14320,8960.081815553976
1220,4983,1013.7255498021907
1221,1075,34735.2303446355
1222,14157,10787.714476892234
1223,17438,12066.400666347416
1224,13349,10303.435990797641
1225,1461,30325.77880295444
1226,7960,18426.013288643873
1227,10640,11213.983369844189
1228,11004,7720.2179959516725
1229,11721,25607.12103135143
1230,16691,1450.6557604967838
1231,2848,7138.9390149940855
1232,12974,7064.250753805831
1233,13997,1153.9097783307013
1234,7263,10219.473874134119
1235,15066,19435.66744437613
1236,8355,10970.359294560856
1237,10934,18413.207508339343
1238,5096,16809.23974049706
1239,1243,7105.676793347297
1240,4598,17419.517342509826
1241,7289,17679.703335744452
1242,2992,17910.968440566387
1243,3165,42668.36323476585
1244,11893,2283.8835552470823
1245,8333,13445.136630191088
1246,17676,11955.632554945367
1247,7278,13997.295955470918
1248,17474,20878.757243255488
1249,7066,21614.669736330303
1250,12917,189.82288579387998
1251,13050,11895.24230517037
1252,9325,17656.705481369347
1253,17548,1208.1362974865606
1254,1851,3092.2421774239697
1255,12849,7897.212078920298
1256,6053,10108.283763413196
1257,7337,1449.8428960608417
1258,16711,10547.497553981353
1259,4314,15071.758120264507
1260,864,29619.638785109368
1261,17191,7437.262321276992
1262,9137,15430.512130729685
1263,9383,13295.36855365498
1264,17468,8706.59771774075
1265,15824,26334.217556186763
1266,13543,7373.079101310834
1267,3938,12664.708220304723
1268,9857,9434.433279250292
1269,4401,25174.09258034209
1270,6047,1600.6871079296452
1271,12858,12900.279181762553
1272,4307,12933.777998055017
1273,9379,36391.05843603431
1274,10948,17514.772319484982
1275,13479,8050.8394725775
1276,6034,7830.136214392231
1277,8086,7516.877075274695
1278,2760,11905.768369930422
1279,12717,13822.096366325253
1280,13793,13254.908150206336
1281,4145,14357.308052449813
1282,15389,6599.875981315947
1283,8317,9749.670416440296
1284,10557,30297.176904295986
1285,8828,20578.62371301894
1286,4801,3574.929578084923
1287,12156,28193.274131809812
1288,16270,3831.842192310637
1289,5686,13524.505197975299
1290,4656,19607.214982618883
1291,14733,9271.376452993125
1292,11535,15697.555752727576
1293,4712,9569.523574557923
1294,10229,5638.3202967551615
1295,17056,13526.01088264473
1296,13014,39905.54384348365
1297,6292,8001.441955860386
1298,11669,14826.967580115292
1299,10463,23772.64832848918
1300,9078,5450.4567201307755
1301,2635,8771.413004424781
1302,8689,24771.53683156758
1303,14466,19393.23892547498
1304,4021,23452.814900729965
1305,17335,17701.307431687754
1306,1692,12929.934834570433
1307,14747,13632.089234860947
1308,12809,2074.876603451212
1309,15584,21727.225931691537
1310,16277,2072.2881586324597
1311,8106,12721.106188701715
1312,4152,15976.276220081185
1313,16250,14232.99913406855
1314,9032,2340.1933273674495
1315,1221,5110.466569193621
1316,5346,11200.032379801918
1317,6943,21905.276063038662
1318,6209,13662.066426819101
1319,16012,40953.53941931112
1320,12994,8379.300443337484
1321,14490,8090.916651726146
1322,3637,26144.645771401927
1323,9187,18123.92348504257
1324,1311,10430.392558489157
1325,508,7410.311484731614
1326,8656,34540.565273631735
1327,5187,16462.698830384616
1328,17968,15043.588423141106
1329,12782,7504.589756294123
1330,5308,1383.3967591961457
1331,15672,5986.919661225054
1332,11282,13781.54910412755
1333,17758,12635.030436222512
1334,2501,9020.60776014839
1335,1181,20831.816427309845
1336,14308,5712.551901647623
1337,17324,17751.60278865067
1338,12723,2674.6763457724064
1339,5841,9230.02736165128
1340,17137,18311.854159987706
1341,1998,13789.634713112886
1342,9310,18630.811985477558
1343,966,8848.651105922783
1344,527,14478.618403671439
1345,13718,14690.994099129071
1346,15660,8734.397551200847
1347,14279,25043.868534552377
1348,17507,5792.163072555264
1349,2987,6661.182020289614
1350,14035,5098.271670180907
1351,9609,18041.126009766536
1352,4805,11228.008222867507
1353,2667,11957.556536509162
1354,7864,40903.15261826605
1355,5768,17429.565501336052
1356,12982,-1426.5550422096421
1357,2102,10261.93964333277
1358,7553,7314.2794505008405
1359,16606,27563.75062077248
1360,17732,21152.796413945725
1361,12541,25911.582118411527
1362,16915,13724.125827404483
1363,9446,17783.71404154582
1364,15183,30470.389708740964
1365,16679,8454.315152975707
1366,5141,5553.643745773006
1367,12145,1821.8476401410148
1368,15688,10438.011378849473
1369,11634,6570.440634479574
1370,12584,23792.348269791117
1371,6554,19911.318934863215
1372,13936,14183.925387027304
1373,2401,-380.8284533962254
1374,17416,12255.24008956186
1375,11751,25600.881050490018
1376,6976,14385.403675601523
1377,6664,4234.186393617325
1378,10593,11832.682521875426
1379,2876,14515.035326714604
1380,9885,4165.262968071984
1381,2155,17214.728895206506
1382,15558,9985.957324976924
1383,10084,12336.161231929294
1384,4658,13733.106917143788
1385,2484,8858.7072693416
1386,9673,14273.852188323697
1387,4288,15249.312812120741
1388,2298,21789.918922939258
1389,12402,14292.625374935424
1390,2529,31726.28918799258
1391,5002,25182.8386590886
1392,504,25507.50083814704
1393,4930,17432.765742562813
1394,16532,9959.833228733876
1395,8717,26113.616467486077
1396,11986,5682.450015279264
1397,14667,4346.395289089634
1398,8276,2685.082243137501
1399,342,30120.038208800826
1400,4407,10668.922909439163
1401,1224,6086.514506323472
1402,9712,11091.589619581342
1403,10693,10675.090069786298
1404,717,15768.47492383166
1405,2093,13935.880849747797
1406,3292,9464.66986725974
1407,5983,15586.978037557494
1408,3942,8764.405312884497
1409,16730,6279.756571937939
1410,17753,11501.715589458938
1411,1965,15203.391165071442
1412,16265,16988.03004805131
1413,2761,10899.3670683437
1414,7521,14954.72394942005
1415,4918,13056.583887033134
1416,13000,8529.467077816891
1417,9470,29122.37949763411
1418,3751,4345.920904776762
1419,17373,19265.191284132452
1420,4509,29207.57426244706
1421,13306,11221.084260580832
1422,15371,6393.47633420732
1423,11300,15120.026811150508
1424,149,500.3770532677734
1425,175,11223.487573605855
1426,14149,13824.816874349946
1427,9142,3962.4334445024774
1428,17552,6929.9282482868475
1429,15746,23382.096067650564
1430,17487,8636.864568992243
1431,3801,14308.892672796246
1432,16978,3679.3593993786517
1433,8835,1275.7372649436252
1434,2634,25359.06906313188
1435,10107,5519.405220887171
1436,3199,29223.991577665256
1437,3194,38787.159705022066
1438,6978,6555.979808787894
1439,11865,15066.875256499341
1440,15198,3594.6295047018775
1441,5173,20518.578317217565
1442,15419,28480.140346492175
1443,12691,5027.808775930111
1444,2981,13425.438123733962
1445,2732,13153.971382802503
1446,10974,6935.461431185548
1447,12012,7550.8125908803
1448,1384,16486.934293446277
1449,9102,9328.218854329567
1450,8684,8912.81207283497
1451,3343,17070.15673888501
1452,17282,14959.563231964938
1453,6656,14966.730559469217
1454,5815,15319.748166401952
1455,6176,33594.69201126745
1456,12294,33442.013537591505
1457,7077,10662.113323118048
1458,17934,22223.241400788625
1459,24,4959.789606932016
1460,7738,7416.748408076443
1461,11017,9451.194722366909
1462,12656,13385.745514666323
1463,2658,22869.171351850026
1464,10840,15480.05951036441
1465,3811,9688.566151003528
1466,12090,-261.41579376639015
1467,3048,12259.115737246208
1468,3267,16063.439989057004
1469,17107,10062.813563046906
1470,7070,21741.840534557778
1471,12115,26565.28718240524
1472,9685,11447.028383768016
1473,6353,18981.265617956204
1474,14668,36155.03164926709
1475,921,5788.219940457393
1476,1371,15753.363716873368
1477,16252,25811.086977828156
1478,5817,25937.6805623588
1479,16279,18400.811985069915
1480,7751,6205.528058815844
1481,2474,3300.7193479712587
1482,5161,18786.704612840804
1483,128,6812.134217483295
1484,8691,14856.524137014896
1485,7802,11793.801024551629
1486,9279,23516.721839775957
1487,11829,9888.480454482955
1488,15939,7420.740867747903
1489,4920,14806.46760078301
1490,8430,9053.380379463773
1491,7839,3028.553642993369
1492,11026,11041.691366651816
1493,3257,6152.158293604782
1494,17043,7431.122297727368
1495,3282,27387.370179460057
1496,1679,6786.367339083011
1497,581,905.5125768078635
1498,8071,36007.428484891076
1499,6233,11938.428776433304
1500,4141,15228.42382266624
1501,10910,1156.6471565142308
1502,13764,5530.807228718459
1503,1365,13694.10514771387
1504,2085,1321.48574416638
1505,13759,16138.663789736634
1506,7331,13539.001118258728
1507,2307,5171.805745463718
1508,7606,17004.034998223724
1509,9788,19743.478549729334
1510,11411,37014.41015727484
1511,11419,9212.576642913598
1512,5798,12421.794464442211
1513,9178,5357.8236838930225
1514,6279,6000.871352780208
1515,8417,7340.4260373955
1516,15139,6492.228361305359
1517,2792,12501.06343974433
1518,16100,17831.791473852325
1519,1214,11914.047554154424
1520,16238,5432.552789595726
1521,7987,-1426.5550422096421
1522,13951,30319.74648340154
1523,9902,10495.716915215931
1524,11232,18673.18377081336
1525,15937,20071.16412616164
1526,2376,10256.020942589685
1527,13563,12581.319888603286
1528,5232,11138.867711944205
1529,9164,17229.94869894311
1530,7974,8404.438763859487
1531,17170,1982.328435294402
1532,8912,26042.217548783337
1533,16629,3395.1101686528636
1534,16023,6889.159776084623
1535,14915,19947.692266981387
1536,16666,16806.59629164482
1537,17101,15413.587771105676
1538,6190,25580.001423246424
1539,4771,13365.538984750501
1540,6502,7908.996647190593
1541,8926,8602.058509993929
1542,17954,20401.09719070673
1543,9771,21764.74956793998
1544,4291,39474.37361205531
1545,2603,-19.576908897294402
1546,13572,12637.898936792144
1547,13735,11485.018889174979
1548,7583,12230.992597816954
1549,17415,3972.579977118579
1550,15758,9703.789461932929
1551,11024,1430.586631867418
1552,12326,2153.3227526410283
1553,4435,16567.667689283153
1554,10879,14256.221215104624
1555,11305,10621.915100934066
1556,17598,7338.093441674549
1557,11087,9143.085589400003
1558,9134,33095.05677869739
1559,4832,30286.624662010312
1560,10580,3017.3383112459273
1561,11675,12283.134498830359
1562,13263,13970.296192066455
1563,15743,8667.387314168873
1564,16132,4066.387858751025
1565,12426,6188.897374660406
1566,9941,16058.058352569622
1567,12506,17668.812341847988
1568,7891,10475.561551546123
1569,11800,14989.194144564997
1570,6936,17057.848188923694
1571,7206,2783.806810885118
1572,17222,10498.69299716461
1573,7322,7048.538007083049
1574,9136,20483.71684919297
1575,11364,15775.706567280318
1576,8232,13988.779409546918
1577,10371,14451.056287932333
1578,15227,6666.9088049051015
1579,13599,2197.5942466289303
1580,236,16606.265103987826
1581,385,9103.6568528898
1582,11626,14050.125549814873
1583,15912,15617.228699191577
1584,8482,6703.915653633721
1585,7434,10330.075867894491
1586,5083,6365.176077142856
1587,9222,5739.856460326634
1588,13575,9066.891487579533
1589,3497,22183.35709562571
1590,8628,19221.98011130323
1591,5588,8140.292221898185
1592,6706,4684.4905518804635
1593,17106,5502.568215677231
1594,7437,12396.006140201045
1595,16722,13483.01661043632
1596,9764,6031.726666363198
1597,3201,8163.914377561953
1598,1581,22696.82767518168
1599,12292,17046.121207066935
1600,9387,17853.18570856259
1601,1956,2603.8898279959776
1602,10365,41520.587580630185
1603,10493,17242.67027843163
1604,12045,3318.0454863495497
1605,12003,9476.981350107531
1606,9260,16209.505682701267
1607,3274,11962.130874799721
1608,6377,14797.248025444016
1609,17722,3050.0529446335277
1610,12028,15602.535891978456
1611,10966,18327.652309330333
1612,3960,5509.286108405463
1613,2744,29725.032985026184
1614,574,11587.327904945974
1615,14556,2789.620641029502
1616,3306,10174.336175509763
1617,1457,9301.77415414895
1618,12959,2871.0029172341488
1619,4425,10769.710227387934
1620,9019,29654.796220597076
1621,2263,8100.023117684778
1622,10358,21549.461793137692
1623,15164,27705.132877065415
1624,11714,20091.63355000531
1625,10750,10361.824739559184
1626,9948,39747.209065177325
1627,16488,10644.618424462838
1628,8087,7676.785400331637
1629,9014,2352.4628934448097
1630,13267,17672.43984880732
1631,13589,17711.42182077834
1632,18016,12155.982910556668
1633,9129,16552.13231578345
1634,7545,11279.434331032518
1635,7139,14448.281312757224
1636,6685,5498.312454093486
1637,12596,6192.886679361076
1638,4695,11280.408585553525
1639,15220,29537.765152999258
1640,8889,36980.70156494855
1641,5194,2341.734137204035
1642,7504,22937.35780693777
1643,6362,21416.070405620703
1644,5793,15733.702496083617
1645,8196,8917.004268935592
1646,7053,9916.535809630526
1647,5122,17604.046534831774
1648,4270,6705.1305992958405
1649,725,21520.50673576616
1650,16145,8687.355563073825
1651,14178,10014.816132915845
1652,3979,7779.147330201513
1653,7423,10197.332002329722
1654,10432,4765.77365602312
1655,6979,22780.31721678681
1656,15289,20048.09696703445
1657,13916,26780.76573651383
1658,5379,11497.007007526778
1659,17861,15688.561269085598
1660,3044,17325.324598849613
1661,3452,11202.662852120038
1662,1907,6254.6359272081645
1663,12822,9416.86630880759
1664,13923,18979.4813263966
1665,8363,7930.667937055329
1666,5771,2106.2723882105024
1667,13022,9662.032186359229
1668,3342,44839.01294821305
1669,9109,15658.383838421867
1670,11571,672.564447995846
1671,1922,10892.229837601006
1672,5407,20889.80989606044
1673,11890,9773.81282213822
1674,1357,13453.099664152827
1675,9200,7029.392790617916
1676,7571,16528.92161666727
1677,5891,21057.43408568733
1678,15945,6053.663615931783
1679,2903,17408.078495848415
1680,3600,24301.843465295125
1681,12410,22716.75308388893
1682,4754,3400.6440974774196
1683,830,8570.342341868321
1684,16728,12110.097514688458
1685,15082,27678.04407758094
1686,13495,7808.517485336365
1687,14940,14565.90592915326
1688,380,12816.282868010683
1689,3651,5607.189143874792
1690,17898,6373.013093226413
1691,14085,13432.91352365293
1692,2691,40172.19170524307
1693,3764,18972.020835154726
1694,2841,11113.904749179621
1695,15813,6842.580228870867
1696,16214,1943.880256348557
1697,255,8209.189572919777
1698,15882,7979.907018124621
1699,1481,5080.602497523582
1700,6652,8819.302119404574
1701,7796,18888.87374038063
1702,7237,4386.812216690947
1703,3511,10551.732184774348
1704,3823,6700.844857261835
1705,4337,15242.616292266886
1706,736,15076.3931361528
1707,2092,5475.320479517873
1708,6289,5093.669986455015
1709,14191,14947.597055385626
1710,5244,10420.47695467726
1711,16118,13909.629171332088
1712,2086,5160.068556200031
1713,6355,9269.987823892423
1714,620,14394.05329834399
1715,16583,14641.475257451975
1716,7643,8794.483118796184
1717,15798,23534.487088235706
1718,6659,9233.86804079148
1719,10758,8828.004991156728
1720,4721,10201.004367360087
1721,438,16065.532315025757
1722,15467,13857.984756770145
1723,1110,23898.02042673003
1724,17967,9025.003064373203
1725,10824,6596.639401166471
1726,13048,17721.6880010042
1727,16600,35650.92782915132
1728,5233,16432.038408195454
1729,3421,18396.46309888119
1730,1676,19642.41348372161
1731,5066,6970.5833232606665
1732,6500,12361.768743626402
1733,11849,18080.442341698676
1734,2396,1506.0991810246924
1735,7623,15066.281415904316
1736,13691,11417.56012233993
1737,16654,11510.28972424749
1738,1483,12801.528886319442
1739,780,7292.8959798958995
1740,14502,41133.69435013848
1741,4562,11145.33891495995
1742,6380,13832.214251346755
1743,13005,3634.6122581264062
1744,3975,27183.209517666648
1745,17888,12360.794984244549
1746,14947,19085.46742109229
1747,9282,8418.803296233373
1748,9239,8117.433752023324
1749,13734,14469.151084791085
1750,5276,8368.88178748815
1751,8897,3897.645412298445
1752,17626,9874.137461940805
1753,12500,21613.587569444906
1754,5091,25967.39356423633
1755,10046,2448.0613460196746
1756,15635,22434.145153780453
1757,314,9530.316064489909
1758,8602,5608.732267582524
1759,8165,12937.43136648935
1760,211,16459.309760120505
1761,8603,17215.8454489653
1762,13552,15288.821215636637
1763,8642,16608.13124858193
1764,8635,8503.077071372934
1765,3489,25726.84308991477
1766,2491,15450.33505589288
1767,16601,7879.300231637355
1768,5682,14474.137772881055
1769,9116,11498.973287966479
1770,2131,8540.586781666987
1771,8877,8650.942545104428
1772,3788,6165.508768789661
1773,1920,8574.788551754655
1774,2049,15955.036943369616
1775,14548,19477.468213152737
1776,3008,14099.856957442502
1777,17808,16189.331616658352
1778,6887,15515.376896419324
1779,17298,38798.88937944793
1780,17119,17152.584885952718
1781,16617,7369.487628751223
1782,14983,5441.527377261642
1783,1655,14966.544655608743
1784,13491,11111.927569884288
1785,8704,4199.435094013066
1786,1423,8894.043492794484
1787,13722,25527.820356558943
1788,8919,11149.687961265126
1789,6304,10533.485295808758
1790,2578,25611.509680647636
1791,10155,4471.12220720827
1792,10075,465.37490871948444
1793,14280,18779.930240923837
1794,17072,33054.51785986235
1795,12623,9053.735302297702
1796,15259,18481.738948689162
1797,2571,5775.898084120787
1798,353,11320.363896941864
1799,9188,11164.21096157983
1800,17821,9995.926164602612
1801,16847,8089.149010057018
1802,641,3410.1822807884582
1803,15658,11998.119197423688
1804,2392,12600.209157959156
1805,15311,9760.636122103446
1806,14893,21588.396746043974
1807,1668,17800.84912144341
1808,18015,6162.555320497306
1809,16543,9569.611307022225
1810,17088,4764.9394041038995
1811,16358,9879.464388384651
1812,15845,21227.701808783408
1813,10564,11194.68495742202
1814,1152,12713.198359948767
1815,17247,8414.497747382238
1816,15842,16678.6444126188
1817,2920,10455.119122544185
1818,6284,8081.276174938885
1819,16146,11745.641964305976
1820,7419,4421.64737062114
1821,6799,7762.428342405719
1822,13712,11821.0066504765
1823,7262,43095.691452549305
1824,1467,5119.2898029877615
1825,12005,15622.421490763658
1826,11861,5778.052770286687
1827,4521,12359.339720723265
1828,4498,16135.04818613045
1829,13703,13004.241070590353
1830,11833,19117.99557956616
1831,3949,8235.135215980388
1832,5024,7438.186813909396
1833,7787,7779.8882272224655
1834,11716,39037.447875055914
1835,6911,32944.68068280481
1836,7401,15997.340049432029
1837,7961,15083.746066916594
1838,13937,19034.645005109618
1839,12236,15113.231168744313
1840,15799,13260.151479586491
1841,12526,5526.819615092523
1842,9542,23277.015963463673
1843,11839,6140.4074025811315
1844,15536,8816.326973836407
1845,8641,24173.23181289502
1846,7918,25474.227399197393
1847,8476,17408.832056711697
1848,16313,17211.96073004017
1849,13065,19607.21920364187
1850,5950,10624.894452648423
1851,10154,22669.967234662683
1852,14846,14090.971012301772
1853,16921,14653.730966278526
1854,11778,19124.540734537928
1855,10222,13499.540569189174
1856,12937,28638.075648758517
1857,15775,2392.6176003826117
1858,2899,14070.33007381298
1859,7841,9841.1711021336
1860,8361,6257.535510889734
1861,10632,26400.884090158426
1862,7350,21351.43681678048
1863,16902,18201.796766711654
1864,1531,3659.749964732734
1865,5192,11953.716032296337
1866,7620,11475.429972618747
1867,11871,6175.002117800965
1868,14210,5125.838433186658
1869,8314,9445.05532278485
1870,15563,8021.144932720426
1871,16249,12024.051031958248
1872,2158,5815.437237541873
1873,10417,14543.685760920913
1874,14652,13837.337285741765
1875,5789,21381.11730304174
1876,13872,6647.5015156992085
1877,2670,-122.34347288653726
1878,8370,36466.59447758178
1879,16611,12852.915154775324
1880,10372,8285.805166000839
1881,9251,18307.778064432765
1882,9213,11756.470564681711
1883,2496,1803.5627262257258
1884,666,31343.319504362873
1885,5829,10499.844617279663
1886,12532,3819.1192182389404
1887,5926,3461.2017607179514
1888,2338,17192.638679010648
1889,7091,15619.251589185566
1890,4267,16469.74595830105
1891,8677,9096.68407269283
1892,14010,15606.52139940776
1893,10460,14741.897846120586
1894,13018,7045.825133318394
1895,8863,13522.003653976972
1896,16545,5704.785008423182
1897,11679,13433.145586451643
1898,9370,6972.138878088401
1899,7919,20816.152404124296
1900,5892,26514.774644917576
1901,11236,30988.736743326735
1902,6093,5759.937110132978
1903,3019,25308.409914721335
1904,10130,21541.69214436361
1905,14289,18067.538957006407
1906,14594,14300.138140240304
1907,9587,26380.39306109213
1908,1544,8974.88186603673
1909,12921,15002.556371417233
1910,4437,15776.653891983791
1911,16508,8437.501974981893
1912,7292,14144.186448069499
1913,3928,19207.067782424492
1914,17550,3637.405707615987
1915,13818,5364.025448040311
1916,4368,43434.76007540815
1917,16310,6879.076883399413
1918,13611,6149.734780359035
1919,11151,6067.8152693301345
1920,3191,8010.2079827813595
1921,1002,17937.950651254083
1922,14600,38671.23093744058
1923,6191,11009.247390858276
1924,15859,13989.990531718713
1925,1885,9536.038301842977
1926,4803,7380.6289230339635
1927,8298,22527.67440201989
1928,12668,9968.562993386977
1929,17505,6433.695499212847
1930,10268,17367.247575167472
1931,6021,16219.030599378086
1932,4828,15167.308545377777
1933,2507,2937.722757099567
1934,17409,13701.79789684074
1935,17705,6841.803022884741
1936,12097,16702.083979435352
1937,1751,10624.003272019445
1938,154,11195.901325617388
1939,8066,15259.144445825714
1940,193,9074.77417718751
1941,5134,15541.76289876521
1942,916,7987.1566307409785
1943,16596,25476.154154234115
1944,9911,13407.94563556424
1945,14823,6803.542814634604
1946,13416,2226.725797732576
1947,13595,20154.954816408113
1948,7136,6143.833189178987
1949,16555,12994.856573897801
1950,16910,12948.585542572091
1951,11723,5978.7756469288015
1952,10322,18832.21591040684
1953,11197,5094.235710574556
1954,12296,5362.46228377196
1955,15575,8569.493995704122
1956,2071,4955.20862071595
1957,2679,645.8300819250675
1958,40,33866.68780054851
1959,12150,12417.303193770464
1960,7801,26778.086186264365
1961,1665,8673.498343036385
1962,5756,41423.41644847187
1963,14262,9664.399977436216
1964,17129,13189.13889152277
1965,12349,10246.375387241005
1966,5330,18213.017989283617
1967,15103,3334.235978886777
1968,15340,6775.736162755378
1969,1083,14943.604014611783
1970,6444,17358.59779985271
1971,16524,15252.526060116543
1972,13335,11464.911443490468
1973,15329,11597.801016019746
1974,6482,15029.37945226084
1975,4810,9892.3744782148
1976,2770,15723.989558241003
1977,8228,13578.097480805285
1978,12365,6922.258645168627
1979,6666,14564.22899162351
1980,2224,22778.891458140497
1981,3126,9007.841784741266
1982,2892,31241.46629947061
1983,8510,17137.42564292821
1984,15303,1694.7178654097002
1985,15603,7275.816789432757
1986,12769,5452.185602958663
1987,15344,7574.4496623605355
1988,6915,15073.963334419908
1989,407,12010.530603389805
1990,2193,15447.566668881964
1991,15659,15288.116036107966
1992,10899,7331.926207824753
1993,436,12766.868912607124
1994,6420,11652.824539923085
1995,16122,9873.086391053628
1996,1805,16426.420496758306
1997,14363,3915.975269711246
1998,2123,15056.602533335581
1999,9951,16265.324658843032
2000,3166,2371.413049338468
2001,7375,5335.403639039704
2002,14031,19553.739243314958
2003,12346,11506.770827870492
2004,15748,9813.121046406235
2005,17570,16458.594755562586
2006,6815,12488.93046767829
2007,13090,8425.574270976434
2008,1537,29268.464226865268
2009,15643,32027.784459515962
2010,984,13346.153531525368
2011,1995,1048.2218341653975
2012,15391,12201.733226864402
2013,6805,15653.120566096719
2014,11082,18462.84540175811
2015,5150,8176.845112827098
2016,4087,7765.263129473029
2017,6540,6203.162904769637
2018,16307,17932.15149974665
2019,9390,20060.239899162036
2020,14881,12459.125827769642
2021,16121,15964.822598257104
2022,16741,10784.20295022607
2023,11333,13603.956854965114
2024,11600,16051.366978851122
2025,1809,6946.997361395445
2026,12595,20451.0773258575
2027,254,2388.752416863077
2028,8561,10932.925834795056
2029,1144,30739.453788906925
2030,9257,5736.222631171064
2031,1794,27820.120193665258
2032,8950,24167.31308753314
2033,5562,4290.779004514071
2034,5694,17828.738211920005
2035,17435,13408.559750551072
2036,1128,15918.615031985139
2037,11338,7815.279586038736
2038,16770,3882.359433585826
2039,9309,4611.030926550842
2040,6753,17293.33467649004
2041,9961,12851.170280291897
2042,14118,16558.07949683001
2043,11011,22437.361706233598
2044,15081,18418.12012452283
2045,15610,9278.00322815517
2046,9935,25839.03823573111
2047,13116,16877.067078837033
2048,6944,9343.882226748008
2049,15094,11021.723692211888
2050,17562,33546.921721946506
2051,3038,5797.352158013541
2052,9046,2793.8602978420527
2053,4987,21265.553190016246
2054,795,12259.692214245586
2055,4241,4153.173423892774
2056,9182,16140.42255484767
2057,9838,3480.650283737412
2058,17069,14125.337077102713
2059,2178,28151.532492156242
2060,9617,6625.413100758351
2061,5746,11184.90510744097
2062,3484,30756.04793826097
2063,8910,10411.004201424132
2064,1627,7451.1121121059105
2065,6149,5441.963496120953
2066,11572,8634.193542995747
2067,11109,9326.356605511372
2068,2827,10605.713723726285
2069,5816,37121.260202513404
2070,13455,4470.709453381541
2071,8157,18164.070228771627
2072,17110,11283.130484329586
2073,12339,13276.241814249668
2074,8360,17248.19694606024
2075,15918,11434.874319976554
2076,274,16281.432203237087
2077,13447,14277.363474546028
2078,13967,19363.206517474726
2079,17295,14298.099606939331
2080,13696,5920.054436914711
2081,8601,23225.733504412812
2082,388,22513.660206697925
2083,7455,1168.7927387658692
2084,13664,17804.22475842382
2085,224,7719.07843233008
2086,2465,13010.534232923566
2087,8326,9204.086195249616
2088,16409,19198.97511726545
2089,4692,41674.12326076245
2090,659,23384.12838473609
2091,1986,18868.474841912204
2092,15212,6089.149779363026
2093,16557,20677.6141262768
2094,10865,14434.146472641007
2095,1996,13990.996554658916
2096,3433,14907.850565738026
2097,16269,14457.725697259486
2098,7424,8830.45164264323
2099,16964,13645.758347892493
2100,15149,3562.0750064247236
2101,11882,19204.734129793338
2102,7185,21469.839868851886
2103,17217,6867.88426451785
2104,8573,11619.432772138645
2105,5772,15445.938243978015
2106,2311,12659.789368334928
2107,7863,19420.870952401005
2108,8764,7465.63300134953
2109,5169,21126.04487338468
2110,7059,6968.583848968565
2111,3661,13375.927359295934
2112,4013,8324.423654874656
2113,6376,21629.655143325443
2114,15059,6503.913250201061
2115,12424,8047.934674857186
2116,8771,43434.79416133198
2117,5434,15085.022657326832
2118,2152,12488.996417086973
2119,2516,9764.362875483112
2120,9244,13358.09082223246
2121,6280,14667.859709179686
2122,5929,10681.773794830637
2123,16767,19021.291013496513
2124,15154,10075.405769022711
2125,16052,2370.850481106335
2126,3164,2595.0307564524387
2127,16284,16058.229355781563
2128,12360,9818.264553609051
2129,15301,20916.958223119385
2130,15069,5848.78487435737
2131,8614,29319.112790690015
2132,7629,12963.260425927167
2133,57,16558.303662236092
2134,3080,17330.2094942962
2135,3233,11246.482588276323
2136,17398,17940.12654984076
2137,2014,11120.347840120916
2138,14546,6441.25449586328
2139,13801,1877.489127798897
2140,10894,17949.545720215086
2141,13217,6210.017383130229
2142,7800,9305.360957003379
2143,6475,6157.075366385632
2144,15875,5754.020081501729
2145,14194,10300.296647145125
2146,4593,16853.734070532955
2147,9597,1212.3227596418333
2148,9220,9273.768960346611
2149,15984,23214.802811546935
2150,2703,12137.952364415767
2151,158,6738.1726480214475
2152,15988,15206.534542198515
2153,8442,21552.932181441385
2154,11654,13534.552547542111
2155,15547,13566.740450906467
2156,2295,13391.638993163544
2157,10045,8552.71908847147
2158,13007,14183.02559748043
2159,14817,8538.979577448352
2160,17792,16839.546573104926
2161,2889,14923.585874222737
2162,14015,10556.113207598946
2163,9424,15631.740103617336
2164,2950,14161.626917204834
2165,11110,19296.761383850404
2166,15324,16176.967825029978
2167,8231,19060.6517065975
2168,12338,2151.904921091911
2169,17493,7430.434780038746
2170,9738,11417.547103545481
2171,5469,3350.3158272691217
2172,10555,3078.8851951484953
2173,7359,18821.434911320343
2174,3213,16600.408044909593
2175,2743,9926.331999214908
2176,10722,7417.793833299667
2177,14876,20573.25625169967
2178,12611,15681.491014828387
2179,16504,7939.206015822815
2180,17237,17991.817005278484
2181,4142,12291.60821689768
2182,2924,10226.640264081034
2183,10797,7427.567750185171
2184,3403,9294.739352353861
2185,11128,18857.865780120665
2186,14150,22275.983407280924
2187,1515,39498.99351422094
2188,3998,25356.421115142228
2189,13521,11064.02017922415
2190,4629,28521.466694475712
2191,12039,12577.226863072266
2192,6586,22493.11130802342
2193,12291,34131.80102687048
2194,11900,18869.789933146472
2195,693,11678.494749023635
2196,17242,13140.709940250043
2197,71,24212.230693106794
2198,4966,4204.384840123279
2199,5176,10556.207173379973
2200,13261,6871.906156776349
2201,14367,10123.814799052545
2202,12567,38219.18978221731
2203,17263,19770.712702921417
2204,10535,21896.630839393983
2205,13819,27003.465260283992
2206,8151,11800.816182665129
2207,7167,2852.2849257213616
2208,3629,4853.088104679328
2209,8185,16133.78764143682
2210,17847,22137.448873716705
2211,14072,25656.075412629652
2212,8467,40593.34852399007
2213,5250,28149.75283137204
2214,11761,11295.205238857845
2215,15852,14812.4434258444
2216,11790,21748.218918425235
2217,17913,12374.018557398853
2218,9620,34630.31515759107
2219,16424,10626.831728485873
2220,4057,10417.752800540378
2221,534,10776.628263728335
2222,5692,18055.63063366172
2223,16311,12117.383013556044
2224,7920,6029.230136666789
2225,6040,7956.671874439939
2226,5362,6485.330273551488
2227,4184,4885.829962332984
2228,7326,16330.108261664884
2229,11981,20651.39483221523
2230,8318,16073.681661659522
2231,3794,16323.051648536626
2232,17816,21306.30400474627
2233,13148,30035.082082083754
2234,1295,17357.058674487547
2235,13067,17222.052424967165
2236,5438,10936.300103787513
2237,14984,4270.992897099465
2238,5130,36290.62999637322
2239,16161,7292.184258207312
2240,15067,15572.368828596087
2241,10191,12241.039706810623
2242,10843,10570.24076732787
2243,11889,14956.003829455336
2244,7953,6520.657919745105
2245,14660,14096.362944128121
2246,13403,15239.391082424609
2247,9177,14201.595148961564
2248,15795,25483.819408848263
2249,6626,24474.859773334574
2250,598,7631.500527568752
2251,3850,5767.548521307232
2252,16347,13080.937531389642
2253,18011,7091.73021546805
2254,2374,894.3082630319525
2255,11566,17461.96992817166
2256,8290,13815.442974066891
2257,7551,11893.780930379702
2258,9658,26610.300107691408
2259,12562,15530.913474412875
2260,6271,19519.05952413768
2261,8237,25358.90649441741
2262,5576,6329.094534113334
2263,261,8357.055353220589
2264,9978,12239.942214126184
2265,6163,18579.97503274802
2266,13971,2580.6665432927175
2267,7407,4754.931637236314
2268,15869,11011.125330465566
2269,3568,21800.191356792442
2270,17390,13506.772529835041
2271,12602,-90.91025840091493
2272,11957,8977.728279920166
2273,14997,4161.387870669705
2274,16925,19825.253737105937
2275,6648,25459.474735202937
2276,7906,9475.379436327974
2277,9954,10324.851640658648
2278,3224,7640.920637845293
2279,10815,10697.079905226692
2280,3672,14801.699498062788
2281,15299,8298.682705692514
2282,14934,20032.70429873302
2283,7312,21087.48688147473
2284,14351,19769.98746546472
2285,6968,13239.836123518739
2286,8332,6076.230062721755
2287,287,20129.548455929682
2288,15378,21661.285674727682
2289,11768,21049.503137854088
2290,4041,16625.733128825137
2291,16877,9947.718910854403
2292,12893,3419.7788457771226
2293,17177,27393.18396475084
2294,8514,16478.312035114846
2295,5202,7690.203219703117
2296,15120,16213.23386081573
2297,12267,35753.699675385935
2298,7170,4103.376625864268
2299,9161,16446.388661927525
2300,4423,2019.829109684711
2301,3748,29066.5376513987
2302,12816,7248.388960669936
2303,14128,46228.23391265251
2304,17010,12413.013857868944
2305,6107,7531.222602998616
2306,9463,16252.525927062947
2307,13391,3710.7079829438967
2308,12129,13142.35903645099
2309,2564,5199.527877474558
2310,5952,3639.504475802184
2311,6560,2440.390225438242
2312,6889,7944.187529740555
2313,6494,40957.23118658832
2314,10230,15791.233916643154
2315,11330,7444.552015008718
2316,14830,1341.1198853124465
2317,12154,10918.801995444768
2318,4134,3491.2938660065547
2319,490,22673.73028730184
2320,14512,15268.268054269272
2321,4089,12977.058953106332
2322,17633,12875.152553950751
2323,5054,944.983473859224
2324,12084,26315.824197355563
2325,15740,15499.744803103495
2326,10756,5104.778500297419
2327,3734,29447.688725337168
2328,11857,8786.229229958693
2329,17919,8086.304190304847
2330,17873,19285.347283290874
2331,6208,27737.459699607978
2332,8818,1958.606675170246
2333,16108,24467.990882311213
2334,9135,23596.626888681545
2335,16386,6229.212183205609
2336,11065,11193.677002040693
2337,8496,21402.25551046818
2338,11349,21497.82736572236
2339,7686,12805.46470071181
2340,17978,20897.550578370465
2341,13830,28495.296922673682
2342,17734,8890.367518802663
2343,5807,16331.83844940278
2344,9123,4054.029812627865
2345,5475,12338.867287723353
2346,17277,35557.50412367989
2347,16415,29587.405779514556
2348,6738,17925.828393055104
2349,3591,3054.012528852604
2350,1023,7816.517549693413
2351,17921,6075.499109700473
2352,5867,1414.0066739020453
2353,11638,9897.899726003447
2354,4904,18325.897490779185
2355,16196,24078.144779908638
2356,7991,9562.911157655992
2357,12687,14501.85361277328
2358,16169,10798.898664385308
2359,4071,13575.191736338058
2360,14453,4292.3530010782015
2361,9507,9764.828325498209
2362,8969,37761.204006910724
2363,10331,15402.70031151952
2364,1472,21272.830605350835
2365,8152,26005.753228679874
2366,1097,18012.334389109317
2367,2215,7170.535125322597
2368,3010,4492.824977118162
2369,16425,10324.953461968094
2370,13740,8277.897627389051
2371,9487,10645.40493897013
2372,11822,6736.647475929369
2373,7736,11948.018207331721
2374,15593,10209.746061422537
2375,6543,8395.793882549986
2376,9828,26121.29141059712
2377,8965,6258.100867427966
2378,66,7913.626407122767
2379,8941,18507.96837633301
2380,12238,14620.375210745351
2381,8540,40736.70636643845
2382,10853,8881.678381279908
2383,5156,14408.826386968984
2384,10207,15657.699086175126
2385,1103,5855.745395722467
2386,2248,43866.062269835944
2387,1484,29938.231979054675
2388,1192,1648.7073466097627
2389,2574,16282.085759803593
2390,2268,10105.002031168138
2391,3033,22766.279044607167
2392,5307,20881.506662654283
2393,15537,9483.613529535593
2394,12986,1110.2046018094238
2395,4583,16902.820604340202
2396,14058,22080.23420187342
2397,4494,9982.989501454531
2398,8554,1407.9366361110187
2399,10838,34278.07320264066
2400,17343,14200.778499745114
2401,11427,10686.846909763944
2402,3866,15664.209915456182
2403,225,10323.886320149324
2404,4669,16794.02131531344
2405,13476,4036.18648110375
2406,760,15337.376861871173
2407,10747,14631.376179473975
2408,3572,9237.143495896024
2409,16597,19989.54832108887
2410,10366,28353.089260006804
2411,9410,18729.68085827474
2412,11752,7520.577303285856
2413,4346,-94.58127263649067
2414,15479,19557.930838648957
2415,11596,30510.794573187923
2416,16800,8359.900401495646
2417,13373,25958.351173752206
2418,16051,14184.339727285174
2419,7286,19882.73860386674
2420,182,7840.528453209115
2421,26,5409.614345627901
2422,2434,13187.341227086576
2423,4644,4855.445829129516
2424,2828,34640.327811266885
2425,6506,36078.14266739635
2426,1499,12941.647156519053
2427,8852,30066.19666474792
2428,7472,13545.269644569407
2429,5123,13436.535398056762
2430,4915,7683.053557483491
2431,9075,21316.124444079636
2432,138,18044.21722034608
2433,7823,2315.5250381110272
2434,5763,16635.17142311912
2435,4036,8923.506017523334
2436,3983,14985.195013558134
2437,9751,9003.132779286529
2438,10819,8168.795171027466
2439,9062,13001.064153260313
2440,8158,7068.823020177382
2441,12963,9980.907422836874
2442,14558,12218.376375462887
2443,4628,15770.445146062471
2444,6339,9557.65355945435
2445,8562,19392.17329369932
2446,8878,14486.469260199116
2447,17214,15190.796638665082
2448,13150,7300.907632385147
2449,8128,3447.594387675535
2450,7688,15649.043785083706
2451,17559,15161.450393844034
2452,3064,11554.379190017635
2453,6528,8704.031819125164
2454,10215,1287.2390354736149
2455,7351,20192.461501131213
2456,14190,8879.494667824145
2457,2218,3209.0208063950786
2458,6108,9471.46753193081
2459,9592,11171.253852748197
2460,4858,18352.014161658568
2461,12817,24212.11379770244
2462,3328,22559.669507650564
2463,12139,11337.873975920007
2464,2035,35007.85244669348
2465,11360,6987.93869393177
2466,2276,20232.95018685978
2467,566,16690.074147692387
2468,5342,24858.46185674631
2469,7275,18060.005136850115
2470,7651,22482.573713044643
2471,5560,24136.452106638615
2472,2933,8415.880664958635
2473,9504,933.7805449354155
2474,12608,23524.95167988971
2475,17788,900.5032524254393
2476,1521,8094.938772934814
2477,11045,9055.071305446074
2478,11473,9084.146854811699
2479,13842,4119.6789257178025
2480,12812,39603.64726397802
2481,3516,21928.13791776274
2482,10727,23342.65102537303
2483,10,19113.52227418859
2484,9525,8677.57288480126
2485,11359,9771.02691792526
2486,10687,11027.528763346805
2487,8216,1133.892748138409
2488,11471,4414.22887328685
2489,9579,7968.332560049298
2490,7387,17399.793982531948
2491,5814,11148.007486136483
2492,6766,11036.633722095303
2493,5208,11654.21117579465
2494,6489,16673.660805881336
2495,11154,16698.916235440694
2496,13134,9868.429987921381
2497,17870,11314.644832542983
2498,7886,8092.425561539846
2499,5119,23633.23541558339
2500,7241,16453.224104864545
2501,7995,14993.839513559013
2502,1856,16228.469389122283
2503,12603,6393.739373476776
2504,8456,11228.061537537844
2505,186,5103.529307059647
2506,5211,6720.644943764282
2507,5783,14592.32301946742
2508,16810,8716.178802750293
2509,11317,17265.23185773963
2510,10334,22730.54634075357
2511,12153,13943.258883930233
2512,3466,11944.856605270887
2513,13711,26385.65458255916
2514,8443,7331.177472400317
2515,8248,19288.28474907793
2516,3215,5822.69067306978
2517,16187,12078.87335929094
2518,12813,12413.985807398805
2519,5718,13744.190856268875
2520,6477,22990.23248531622
2521,7288,10128.853583778155
2522,10544,1316.055163201285
2523,8002,13064.537558104388
2524,11132,29091.768226496526
2525,17334,5964.423854067434
2526,6596,21237.6692329063
2527,1198,14780.592484948462
2528,8760,8382.52489799631
2529,11962,15801.327163336482
2530,16740,8760.97381119638
2531,6902,13973.221209366779
2532,1587,20476.783943174807
2533,17195,20311.668091931257
2534,4245,12614.167365149231
2535,14894,33132.11009446727
2536,10903,24065.69839925225
2537,4392,22759.80286319084
2538,9550,20955.507628605155
2539,12131,8157.418069574342
2540,14447,9506.029222976975
2541,2211,15370.263735272145
2542,8558,28017.228592333675
2543,12742,15537.246970985072
2544,3202,22347.52583459427
2545,5008,7281.720475042019
2546,11694,32378.246206993797
2547,4685,2722.2530930327157
2548,12690,14236.885551151165
2549,1407,6197.055678694758
2550,7056,11209.300352838725
2551,12617,25101.404242659562
2552,10492,7239.6255258342235
2553,12997,12921.471176124478
2554,17997,29502.499776106677
2555,8754,6756.053770575162
2556,891,8566.7651592354
2557,12328,3652.5227916393187
2558,2144,10936.515684794698
2559,2239,11302.592125909781
2560,1096,11250.0458102143
2561,9237,34697.25944124672
2562,5397,21502.069191923663
2563,13770,9852.82802322495
2564,16551,14260.002554073455
2565,1116,28566.543974587534
2566,13851,11085.037367401901
2567,7330,12252.448300846556
2568,11630,2312.825661389776
2569,13980,13551.538091716937
2570,13526,7694.0740688426
2571,8327,7558.361099030248
2572,3956,4672.237384387927
2573,8536,1821.8476401410148
2574,9180,34696.74333463163
2575,13795,18847.91571864314
2576,4345,5194.563685580948
2577,14977,10947.011940880313
2578,12083,9982.857118007598
2579,8827,14956.563787086254
2580,5998,24295.638973855494
2581,5993,16279.58293353821
2582,17062,17104.954789070078
2583,12395,6651.87537425522
2584,11490,17174.343178213654
2585,3076,38158.64122475276
2586,1766,17669.363853181858
2587,15713,13885.721059148364
2588,12693,14439.704611670635
2589,14648,18090.705567487326
2590,16495,23381.568220199828
2591,11673,13584.904803061216
2592,15205,4593.501136227056
2593,16204,27950.923270730673
2594,16837,7629.7064731888295
2595,5544,9237.458941365394
2596,9481,12926.320825824134
2597,15363,19791.623827221396
2598,3100,20696.65517048761
2599,7127,11577.795446943534
2600,13256,16008.422154796288
2601,2650,16185.15855708147
2602,8844,16109.105278321265
2603,4861,15752.198674993966
2604,203,16665.52497350407
2605,4994,25123.780749199985
2606,11938,7408.832435430791
2607,2443,7461.367557517256
2608,17974,26628.04486347353
2609,8864,1025.9779834573005
2610,767,14804.574785916018
2611,911,6330.423167916702
2612,8381,29502.94858316925
2613,17767,7992.289124711815
2614,12235,11508.819582817716
2615,6440,15290.899560815835
2616,580,17726.363165187104
2617,7287,7086.602156488634
2618,3181,14306.284935793843
2619,11021,38963.14927412151
2620,11032,6967.102224542481
2621,1944,9660.799601567445
2622,14060,27033.67139121113
2623,1303,6185.950259177774
2624,4973,41077.060789211275
2625,1216,18030.89828099437
2626,12504,13822.096366325253
2627,17395,7348.279533982011
2628,3409,18435.36070863285
2629,15805,20941.294072401026
2630,9333,40465.68146860666
2631,956,9286.308926698075
2632,800,4738.504350821424
2633,3932,9522.443423276722
2634,3250,17324.40773373488
2635,15710,17924.755042129145
2636,10121,6788.8932134157985
2637,12335,22630.32977774054
2638,8101,17508.398766326478
2639,15111,17472.119151455307
2640,8772,23434.352286421337
2641,6955,9185.934098158785
2642,222,7717.265492002598
2643,4860,4873.320987305535
2644,13586,4288.609003218558
2645,14564,16510.861242517793
2646,13069,21137.34748911833
2647,12191,19680.8904556739
2648,11260,11554.562524783038
2649,2537,10127.5362371259
2650,14476,31990.84369551127
2651,13578,13367.732351221463
2652,6716,4519.089297247277
2653,9011,17765.505149719414
2654,17417,39415.173144658525
2655,12283,5086.370535160111
2656,9659,31436.351777415104
2657,2510,3511.347982996527
2658,748,9373.228197409024
2659,7044,28145.36020382025
2660,17275,8914.947651795874
2661,7152,28159.730303935386
2662,1463,11387.629666571882
2663,16427,13987.689752710598
2664,181,10522.584910809472
2665,13804,7775.221146867142
2666,15130,19098.424876659323
2667,13145,33750.911648146146
2668,919,10840.157258896863
2669,7799,17974.35985025143
2670,17216,2359.2531817698427
2671,10608,4860.948751150438
2672,14760,16154.483682066366
2673,8274,10869.430991265082
2674,12007,11264.002804720827
2675,6728,965.6734031442497
2676,1283,7623.24436872334
2677,1337,27499.967977423585
2678,15600,5200.999440143796
2679,10668,13831.24189830331
2680,15272,22595.594801001535
2681,1399,8606.202813739705
2682,14050,19472.68947042463
2683,5809,11864.87833563846
2684,10646,26052.341010055425
2685,17418,41557.522917579605
2686,6518,24355.673426069123
2687,16086,17643.24836507166
2688,3240,6464.821519725619
2689,6296,5045.00042243797
2690,17131,10418.048525796255
2691,5367,14651.618031785703
2692,2959,12138.363715931744
2693,15956,21724.899930331143
2694,13444,10670.088394149241
2695,16015,16619.03497493505
2696,4231,25177.043874135008
2697,8966,12167.518553098318
2698,17794,10958.459966609034
2699,16134,4633.296704617487
2700,10342,4377.4052691350225
2701,15890,13942.31899864431
2702,16591,13587.028067252655
2703,14370,9749.859562365626
2704,1300,18019.965491897987
2705,218,13675.468700194115
2706,1121,20665.40734039298
2707,9878,3829.320324686778
2708,5092,18714.280364572718
2709,13433,22015.044161846185
2710,8027,16402.711799575285
2711,12427,9009.680943619644
2712,14638,26160.830720676226
2713,13281,14195.689964404473
2714,4396,13107.562121584784
2715,7782,1316.055163201285
2716,12879,6542.7166008252325
2717,14008,14446.90090202449
2718,9521,13055.586237933037
2719,2615,15035.27839642249
2720,2960,14868.816276701973
2721,476,21830.137064030336
2722,8399,11658.819146746742
2723,9195,18373.549230049088
2724,1686,25652.515692660592
2725,6954,9859.854046391172
2726,10321,4399.401719155826
2727,8208,12752.698277269661
2728,7325,3961.223849693981
2729,9926,14913.496280246947
2730,6156,15336.272304562744
2731,17267,25783.301652325637
2732,202,13874.128950392664
2733,16799,16211.197779831546
2734,1205,10934.436787926132
2735,6180,5566.007530155088
2736,3908,30713.344128092576
2737,9342,8655.34785605769
2738,873,9053.548676371103
2739,16923,39492.499131823824
2740,14931,9126.201648745122
2741,1246,17256.69582595899
2742,15331,7627.303071536924
2743,11505,2927.2343212545584
2744,16699,12547.39550675672
2745,8730,15178.583367367248
2746,3026,9479.000089561721
2747,5502,10823.515934257553
2748,17118,8291.258106275396
2749,14832,15102.272412945067
2750,12587,7171.699836191787
2751,9801,13383.052012407836
2752,5230,11554.103866584624
2753,5842,10949.74621325305
2754,12716,7319.177892118451
2755,5725,7430.961545702203
2756,13419,22652.083700278556
2757,11216,35924.53758257492
2758,14159,1759.4758281620082
2759,10508,44207.69233673256
2760,11787,13283.055434043092
2761,3698,16737.028995794833
2762,8437,15577.559667362933
2763,13679,6245.511223207455
2764,3211,9043.173014721679
2765,11155,18731.79028690442
2766,7343,4768.875297535569
2767,9138,25168.61658722243
2768,12413,24877.32697508589
2769,3874,22056.774397137102
2770,917,13072.481213138364
2771,2757,10594.198908996756
2772,13383,11184.419578686548
2773,14639,15178.103950488303
2774,16298,21642.767451822976
2775,11731,17329.901908378175
2776,6868,7826.735723136026
2777,16107,1167.0284461385152
2778,8794,8713.439536516662
2779,2893,14671.486936220248
2780,11961,18666.937892720656
2781,3161,9342.09043931657
2782,11574,2886.813770280748
2783,411,17599.400706391796
2784,7498,5797.658198106477
2785,14521,8403.651477997968
2786,5869,13590.827666265675
2787,5466,2543.8202010375962
2788,11431,21958.34098277716
2789,14613,5068.7161296825625
2790,2908,15193.9886880538
2791,12473,12893.75461298129
2792,5269,9810.133434440335
2793,4638,38695.690359504115
2794,13054,15226.895781012192
2795,3520,24701.899004555977
2796,7132,41727.37862578573
2797,3613,20176.809084363886
2798,3720,18842.853927875498
2799,642,3813.1203137287644
2800,7369,12637.942558596054
2801,12437,15774.200021546623
2802,10547,13477.480808843762
2803,4457,16644.219532382172
2804,125,5375.67840723409
2805,12499,11706.466332653852
2806,4729,3736.569792124638
2807,16815,14866.181958275214
2808,15073,19424.005574515446
2809,13357,4411.842736195694
2810,9918,11698.872969979167
2811,12148,4338.1571246426465
2812,17249,18119.72842442227
2813,10616,7578.509867554577
2814,16965,13658.338020662899
2815,4015,10231.77695955687
2816,14189,5309.450513210049
2817,5456,8517.32058318377
2818,10624,9636.94699069987
2819,1425,41119.262151369985
2820,6202,3523.2589244487413
2821,12382,17894.779471830327
2822,14986,6898.05001346161
2823,11130,18426.55014192
2824,3724,4916.408742918308
2825,14427,17867.08488884764
2826,8115,10683.935341928716
2827,17460,39967.69645706325
2828,10435,20899.717030159358
2829,1332,10285.487699801264
2830,7695,8549.119262262591
2831,13573,16735.196309511368
2832,7280,7882.343049181594
2833,3978,6922.31304145031
2834,13757,12870.737231729365
2835,3827,10379.881512522015
2836,10791,24889.4804562648
2837,12168,8392.31041944542
2838,6069,8561.369452763292
2839,13520,2510.312874499948
2840,7537,3692.197325985918
2841,10609,33593.16513363811
2842,3351,10194.780861190273
2843,16213,7364.390710544485
2844,10768,24655.260347317257
2845,17425,26775.42181616061
2846,15810,20232.21102543277
2847,378,11699.81676629947
2848,7684,16024.984388283507
2849,7348,19015.440862837328
2850,12996,24352.724690917028
2851,5726,3193.9399440785346
2852,2922,11859.446943041363
2853,11230,9811.604119010819
2854,9760,7211.627842437398
2855,251,5754.11155768474
2856,10857,557.1727163251348
2857,655,14012.182775016876
2858,1204,29849.077916018177
2859,4034,19011.97359221885
2860,4557,14985.7773665131
2861,13533,5572.7051009132065
2862,10248,20253.226929661803
2863,7773,20084.091874172067
2864,6018,4520.619277808879
2865,16301,7251.941896914815
2866,16088,15873.314047553598
2867,8729,16435.035387321852
2868,10736,15159.288823501656
2869,8631,10158.812442723129
2870,11150,21733.238799143677
2871,2735,14810.118545807529
2872,6456,7884.527932036054
2873,7938,8485.600994040991
2874,10855,12892.19527137841
2875,9396,12559.250653842808
2876,8615,9328.80015375282
2877,4684,10982.926325651188
2878,14281,12969.712731786998
2879,2125,37926.45867817399
2880,548,7859.213807586308
2881,1934,30851.01329812762
2882,6230,20038.991416394827
2883,17735,5064.423222359222
2884,1237,5679.8080493626585
2885,15789,9075.775154824876
2886,16407,12965.739152552303
2887,16150,22307.50853760953
2888,10978,17746.05103348167
2889,3702,33713.2320496782
2890,419,24603.055852231308
2891,2605,17819.73394622698
2892,506,1673.665654712316
2893,11353,8557.247354965355
2894,11798,12563.936493213567
2895,5997,12276.661587260474
2896,16511,12857.875546923235
2897,10873,11305.928022807873
2898,949,3252.649783099542
2899,17412,16287.997063816449
2900,13356,15387.295865313914
2901,3127,43473.869869295835
2902,3523,19628.113055111193
2903,14327,45409.48580220661
2904,16234,5852.481880509053
2905,9378,12027.896753929095
2906,281,5225.71662048382
2907,5305,15330.090813738105
2908,17073,14392.811382770235
2909,13531,10844.068157844571
2910,15283,-1271.949871080271
2911,7101,18285.559296606443
2912,14199,29575.73436107586
2913,16167,8832.395219054899
2914,10057,37352.288376941295
2915,12848,4491.223447121125
2916,4362,10900.993775693074
2917,1133,21651.176490292877
2918,8744,7294.096409790927
2919,13027,10749.085083044372
2920,15555,16681.509653719564
2921,12675,4106.891352100859
2922,394,4826.912938243309
2923,13972,11480.76087887773
2924,3778,3702.1711165885454
2925,1255,7764.296353260954
2926,3663,28050.740042906415
2927,17630,7961.083480558202
2928,2467,16754.36662920571
2929,8278,4791.331534128858
2930,12618,6791.072776409186
2931,1428,6814.876461833781
2932,9039,9539.256610037182
2933,8714,17942.53920832662
2934,9212,34020.162274833936
2935,12428,4555.319124678163
2936,15255,16731.44033961591
2937,6824,21349.281791077774
2938,147,22430.725003771477
2939,2112,20744.96803315208
2940,7740,12395.295723207806
2941,13921,14256.017723972911
2942,9562,23554.00696481733
2943,1085,19137.825603968595
2944,9205,24276.19370705045
2945,3586,25286.880940284085
2946,3475,18564.56940062563
2947,7303,11035.040307776622
2948,8823,11716.368966567083
2949,945,4733.348191146139
2950,13114,15211.354105464581
2951,5413,12813.411957075165
2952,1560,13588.106832019868
2953,6210,11645.103062848068
2954,61,20539.476724010216
2955,14361,19028.70803541867
2956,6481,13108.868989301403
2957,6424,9180.953128200814
2958,6850,21948.02870028987
2959,6059,21399.321838848184
2960,10047,12159.989633994743
2961,2405,10900.872347460927
2962,1932,15463.804104836847
2963,11569,9640.639061898446
2964,17124,6433.127608764913
2965,372,10796.884197994072
2966,14354,11979.536595798332
2967,14457,84.1931420344167
2968,15186,19845.388893218646
2969,1102,10468.393952300838
2970,11382,4538.982977028963
2971,14044,13046.505812574505
2972,11136,14187.88650449929
2973,6785,33424.910809926085
2974,615,20014.473893323935
2975,2931,13192.150099397028
2976,9993,17528.693705333426
2977,8946,20069.889924997355
2978,1379,13864.529897196664
2979,17039,16875.930406364343
2980,323,16703.745008438906
2981,9304,14263.12174779011
2982,16426,16560.449111447735
2983,3674,13815.983378016932
2984,16041,13577.599940099433
2985,15435,14202.268700939769
2986,12625,10781.419113384633
2987,14195,7226.299966458793
2988,10330,5946.1835549257285
2989,14297,9922.80972511802
2990,9238,5474.288870192789
2991,10055,2693.892918077534
2992,3060,9547.395792876949
2993,10449,8696.739390883322
2994,7403,11861.798666915709
2995,14959,10333.15645464227
2996,10125,11794.263930437834
2997,9275,15651.239200918993
2998,1812,20568.974619443397
2999,3521,5846.172100991596
